연령,사망률(남),사망률(여),80% 이상 장해율(남),80% 이상 장해율(여)
40,0.0008999,0.0005067,0.000144,0.00017495
41,0.0009773,0.0005637,0.00015683,0.00019545
42,0.00108,0.0006202,0.00017003,0.00021695
43,0.001197,0.0006849,0.00018623,0.00023725
44,0.001339,0.0007364,0.00020543,0.00025855
45,0.001498,0.0007943,0.00023113,0.00028625
46,0.001658,0.0008485,0.00026093,0.00031775
47,0.001823,0.0009097,0.00029463,0.00035455
48,0.001997,0.0009596,0.00032673,0.00039265
49,0.002192,0.00102,0.00036063,0.00043165
50,0.002398,0.001084,0.0002524,0.00036632
51,0.002633,0.001152,0.0002706,0.00039642
52,0.002912,0.001237,0.0002896,0.00042852
53,0.00321,0.001329,0.0003097,0.00046682
54,0.003541,0.001427,0.0003295,0.00052062
55,0.003876,0.001539,0.0003491,0.00059622
56,0.004241,0.001662,0.0003691,0.00069242
57,0.004643,0.001815,0.0003879,0.00080052
58,0.00509,0.001972,0.0004059,0.00091152
59,0.005578,0.002151,0.0004253,0.00101762
60,0.006106,0.002329,0.0005356,0.0009007
61,0.006689,0.002524,0.0005508,0.0009762
62,0.007343,0.002748,0.0005627,0.0010527
63,0.008076,0.002993,0.0005777,0.0011345
64,0.008899,0.003253,0.0006013,0.0012215
65,0.009845,0.003566,0.0006349,0.0013155
66,0.01098,0.003959,0.0006814,0.0014125
67,0.01238,0.004487,0.0007359,0.0015145
68,0.01408,0.005158,0.0007987,0.0016185
69,0.016,0.005966,0.0008651,0.0017225
70,0.01799,0.006892,0.001045,0.0018806
71,0.0199,0.007927,0.0011176,0.0019666
72,0.02159,0.009075,0.0011943,0.0020456
73,0.02297,0.01035,0.0012697,0.0021216
74,0.02411,0.01169,0.0013387,0.0022116
75,0.02529,0.01304,0.0013997,0.0023216
76,0.02694,0.01438,0.0014477,0.0024566
77,0.02942,0.01568,0.0014877,0.0026146
78,0.03283,0.01687,0.0015167,0.0027946
79,0.03708,0.01798,0.0015407,0.0029846
80,0.04215,0.01928,0.0015626,0.0032617
81,0.04814,0.02118,0.0015736,0.0034637
82,0.05519,0.02406,0.0015936,0.0036837
83,0.06326,0.02798,0.0016416,0.0039557
84,0.07214,0.03287,0.0017446,0.0043127
85,0.08157,0.03865,0.0019196,0.0047747
86,0.09145,0.04543,0.0021716,0.0053377
87,0.1019,0.05336,0.0024976,0.0059687
88,0.1127,0.06228,0.0028806,0.0066227
89,0.1239,0.07198,0.0033016,0.0072667
90,0.1355,0.08235,0.0037456,0.0078977
91,0.1482,0.09366,0.0041946,0.0085247
92,0.1626,0.1064,0.0046276,0.0091607
93,0.1792,0.1207,0.0050206,0.0098237
94,0.1981,0.1365,0.0053586,0.0105277
95,0.2194,0.1537,0.0056406,0.0112677
96,0.2434,0.1724,0.0058796,0.0120377
97,0.2703,0.1931,0.0060956,0.0128177
98,0.2998,0.2163,0.0063236,0.0135577
99,0.3312,0.2421,0.0065856,0.0142577
100,0.3632,0.2704,0.0069006,0.0149077
101,0.3949,0.3004,0.0072696,0.0155177
102,0.4258,0.3317,0.0076826,0.0160977
103,0.4533,0.3614,0.0081206,0.0166677
104,0.4776,0.3886,0.0087196,0.0172377
105,0.5318,0.4175,0.0093356,0.0177977
106,0.5928,0.4559,0.0099546,0.0183577
107,0.6629,0.5188,0.0105636,0.0189677
108,0.7449,0.5885,0.0111536,0.0196277
109,0.8419,0.6669,0.0117336,0.0203877
110,1,0.7565,0.0117336,0.0215177
